{
    "branca": {
        "meta_info": {
            "R2": 0.3342,
            "N_obs": 85758,
            "sigma_resid": 15.63248,
            "descricao": "Modelo para popula\u00e7\u00e3o branca"
        },
        "coeficientes": {
            "Anos_Estudo": 0.1084421534280732,
            "Experiencia": 0.02142425153097457,
            "Experiencia_2": -0.00014182475402461385,
            "d_mulher": -0.21966323852014907,
            "IMR": -0.05437684162120077,
            "UF_12": -0.24170724342692848,
            "UF_13": -0.23696518443865225,
            "UF_14": -0.12880306059430996,
            "UF_15": -0.2196418553131866,
            "UF_16": -0.16205381896076945,
            "UF_17": -0.061692071092625006,
            "UF_21": -0.3075231860246174,
            "UF_22": -0.3154884809814288,
            "UF_23": -0.3665777201861584,
            "UF_24": -0.2992846389189371,
            "UF_25": -0.3283988065657991,
            "UF_26": -0.29597623429190617,
            "UF_27": -0.25923060207667714,
            "UF_28": -0.22866417750054024,
            "UF_29": -0.31320793215203835,
            "UF_31": -0.059645557464631474,
            "UF_32": -0.008807911861603304,
            "UF_33": -0.04102785603236059,
            "UF_35": 0.01925622110418167,
            "UF_41": 0.048543070850413345,
            "UF_42": 0.12468510433637596,
            "UF_43": -0.0001597692217214942,
            "UF_50": 0.03538767967586868,
            "UF_51": 0.10938893287030056,
            "UF_52": 0.007773382751759474,
            "UF_53": 0.19309806775667468,
            "setor_2": 0.10733236245166002,
            "setor_3": 0.09481402895875064,
            "setor_4": 0.0005181658121660306,
            "setor_5": 0.03978539554436767,
            "setor_6": -0.06357123728606386,
            "setor_7": 0.3050032308312026,
            "setor_8": 0.49632093385304665,
            "setor_9": 0.31833197225816867,
            "setor_10": 0.07613381424498489,
            "setor_11": -0.08247811967533376,
            "setor_12": -0.16897203878884687,
            "const": 1.105382985018408
        }
    },
    "preta": {
        "meta_info": {
            "R2": 0.299,
            "N_obs": 120140,
            "sigma_resid": 13.5303,
            "descricao": "Modelo para popula\u00e7\u00e3o preta"
        },
        "coeficientes": {
            "Anos_Estudo": 0.07266592771280952,
            "Experiencia": 0.014973765453747782,
            "Experiencia_2": -0.00010406500165147704,
            "d_mulher": -0.17853203813562316,
            "IMR": -0.11602514999583567,
            "UF_12": -0.19988303456984022,
            "UF_13": -0.2946956813608586,
            "UF_14": -0.1825236416174349,
            "UF_15": -0.25890515240469325,
            "UF_16": -0.09078602887238295,
            "UF_17": -0.09043546747384874,
            "UF_21": -0.3586448217771358,
            "UF_22": -0.3361524397595613,
            "UF_23": -0.39204554519176227,
            "UF_24": -0.30402465272267803,
            "UF_25": -0.388213685805593,
            "UF_26": -0.35181670166174883,
            "UF_27": -0.2820794455048789,
            "UF_28": -0.25431390262389064,
            "UF_29": -0.3380623783238457,
            "UF_31": -0.0596276318090521,
            "UF_32": -0.01412174406748158,
            "UF_33": -0.10410008689671982,
            "UF_35": -0.009028504420560943,
            "UF_41": 0.07247949237597388,
            "UF_42": 0.14505775511491742,
            "UF_43": -0.011243046315613136,
            "UF_50": 0.06721303574879785,
            "UF_51": 0.10762987155660536,
            "UF_52": -0.0036894068766104475,
            "UF_53": 0.10510003530985768,
            "setor_2": 0.17924150875120037,
            "setor_3": 0.192401331546143,
            "setor_4": 0.10116232261734066,
            "setor_5": 0.1943483423342739,
            "setor_6": 0.09112393043985562,
            "setor_7": 0.32809466756400946,
            "setor_8": 0.6386087128012897,
            "setor_9": 0.48862849054293217,
            "setor_10": 0.20466019396303706,
            "setor_11": 0.07792381971611728,
            "setor_12": 0.3860794177012001,
            "const": 1.4277061081316054
        }
    },
    "indigena": {
        "meta_info": {
            "R2": 0.3656,
            "N_obs": 1032,
            "sigma_resid": 13.50018,
            "descricao": "Modelo para popula\u00e7\u00e3o indigena"
        },
        "coeficientes": {
            "Anos_Estudo": 0.07981830065535608,
            "Experiencia": 0.023961243903040497,
            "Experiencia_2": -0.00020433676801196083,
            "d_mulher": -0.11672919918997988,
            "IMR": -0.09631713853773066,
            "UF_12": -0.10739355096924283,
            "UF_13": -0.41594262121289827,
            "UF_14": -0.3226718072375156,
            "UF_15": -0.24902481916755434,
            "UF_16": -0.5989987293886007,
            "UF_17": -0.05977277495602812,
            "UF_21": -0.5975922938904852,
            "UF_22": -0.4003135413723602,
            "UF_23": -0.44897612706249945,
            "UF_24": -0.4676261589480152,
            "UF_25": -0.5464293025017205,
            "UF_26": -0.5688275285327833,
            "UF_27": -0.4754763882387903,
            "UF_28": -0.1564984873133891,
            "UF_29": -0.4914891503422548,
            "UF_31": -0.2125575719592725,
            "UF_32": 0.425995411395496,
            "UF_33": -0.39072308721617943,
            "UF_35": -0.004648168102246594,
            "UF_41": 0.02860661978883118,
            "UF_42": 0.05139735638751872,
            "UF_43": 0.050989696666380396,
            "UF_50": 0.006649936857707275,
            "UF_51": 0.06521354524800088,
            "UF_52": 0.190801681067807,
            "UF_53": -0.0807695284216414,
            "setor_2": 0.07974586313904797,
            "setor_3": 0.15269046309017742,
            "setor_4": 0.1368027913610061,
            "setor_5": 0.10748286354602563,
            "setor_6": 0.3526400952851244,
            "setor_7": 0.31443224398886904,
            "setor_8": 0.6364039371989758,
            "setor_9": 0.5604304900142536,
            "setor_10": 0.5602618494685311,
            "setor_11": -0.0695073341674293,
            "setor_12": 0.0,
            "const": 1.183960835804639
        }
    }
}
