{
    "branca": {
        "meta_info": {
            "R2": 0.3341,
            "N_obs": 84782,
            "sigma_resid": 15.57346,
            "descricao": "Modelo para popula\u00e7\u00e3o branca"
        },
        "coeficientes": {
            "Anos_Estudo": 0.10870408914746627,
            "Experiencia": 0.021174912395698187,
            "Experiencia_2": -0.0001363564973589417,
            "d_mulher": -0.219026640261802,
            "IMR": -0.05577588132127903,
            "UF_12": -0.24634596018768268,
            "UF_13": -0.24747468522150678,
            "UF_14": -0.1340013294584506,
            "UF_15": -0.2264036554552311,
            "UF_16": -0.1712731009831071,
            "UF_17": -0.07946827075296506,
            "UF_21": -0.3162915511857351,
            "UF_22": -0.32417291925940234,
            "UF_23": -0.37176601523507397,
            "UF_24": -0.30663728967951653,
            "UF_25": -0.34054529727361066,
            "UF_26": -0.30791798593022857,
            "UF_27": -0.2685359514558115,
            "UF_28": -0.23972303624746846,
            "UF_29": -0.3309865706584996,
            "UF_31": -0.07127862044362847,
            "UF_32": -0.019951784921691744,
            "UF_33": -0.051188740169518465,
            "UF_35": 0.006556855354789003,
            "UF_41": 0.03846352856571994,
            "UF_42": 0.11460086805872469,
            "UF_43": -0.010442742022190457,
            "UF_50": 0.02590437218980782,
            "UF_51": 0.0997080271349529,
            "UF_52": -0.002482524755862156,
            "UF_53": 0.1871713493802905,
            "setor_2": 0.10688849208012449,
            "setor_3": 0.09353526460423024,
            "setor_4": -0.0023139948729817635,
            "setor_5": 0.03878022771093028,
            "setor_6": -0.06274673033265468,
            "setor_7": 0.3010062604290004,
            "setor_8": 0.4910625615416483,
            "setor_9": 0.31601648363475304,
            "setor_10": 0.0757281946610527,
            "setor_11": -0.08414454390771486,
            "setor_12": -0.17107332431381694,
            "const": 1.1163887666916583
        }
    },
    "amarela": {
        "meta_info": {
            "R2": 0.3614,
            "N_obs": 976,
            "sigma_resid": 19.89277,
            "descricao": "Modelo para popula\u00e7\u00e3o amarela"
        },
        "coeficientes": {
            "Anos_Estudo": 0.08471313178878044,
            "Experiencia": 0.032171035057005234,
            "Experiencia_2": -0.0004074653759203534,
            "d_mulher": -0.25614780003497234,
            "IMR": -0.011559505987537633,
            "UF_12": -0.11329203865013093,
            "UF_13": 0.27963335946353335,
            "UF_14": -0.5414874172339113,
            "UF_15": -0.06969739143487991,
            "UF_16": 0.12431435226230103,
            "UF_17": 0.7223875982670138,
            "UF_21": 0.11260685747532823,
            "UF_22": -0.07474438610252954,
            "UF_23": -0.49782324812778106,
            "UF_24": -0.506083794444911,
            "UF_25": 0.4252394599860004,
            "UF_26": 0.6223531976867295,
            "UF_27": 0.11814488896175146,
            "UF_28": 0.28919757426265036,
            "UF_29": 0.42236265835441067,
            "UF_31": 0.6237772599341338,
            "UF_32": 0.6023193645658919,
            "UF_33": 0.422044954594299,
            "UF_35": 0.6117903869402119,
            "UF_41": 0.5569291083023429,
            "UF_42": 0.6134157546056345,
            "UF_43": 0.5203751042707889,
            "UF_50": 0.4647927487934669,
            "UF_51": 0.5916948763858328,
            "UF_52": 0.5438744618074395,
            "UF_53": 0.38591905440627616,
            "setor_2": 0.2042779391501239,
            "setor_3": 0.20642962370973872,
            "setor_4": 0.21769960460216908,
            "setor_5": 0.1474433081322285,
            "setor_6": -0.08214193888622476,
            "setor_7": 0.5832682073502183,
            "setor_8": 1.0034965339004933,
            "setor_9": 0.5459709300434367,
            "setor_10": 0.18882665484172736,
            "setor_11": 0.09995117448512103,
            "setor_12": 0.0,
            "const": 0.6708184955125542
        }
    },
    "preta": {
        "meta_info": {
            "R2": 0.299,
            "N_obs": 120140,
            "sigma_resid": 13.5303,
            "descricao": "Modelo para popula\u00e7\u00e3o preta"
        },
        "coeficientes": {
            "Anos_Estudo": 0.07266592771280952,
            "Experiencia": 0.014973765453747782,
            "Experiencia_2": -0.00010406500165147704,
            "d_mulher": -0.17853203813562316,
            "IMR": -0.11602514999583567,
            "UF_12": -0.19988303456984022,
            "UF_13": -0.2946956813608586,
            "UF_14": -0.1825236416174349,
            "UF_15": -0.25890515240469325,
            "UF_16": -0.09078602887238295,
            "UF_17": -0.09043546747384874,
            "UF_21": -0.3586448217771358,
            "UF_22": -0.3361524397595613,
            "UF_23": -0.39204554519176227,
            "UF_24": -0.30402465272267803,
            "UF_25": -0.388213685805593,
            "UF_26": -0.35181670166174883,
            "UF_27": -0.2820794455048789,
            "UF_28": -0.25431390262389064,
            "UF_29": -0.3380623783238457,
            "UF_31": -0.0596276318090521,
            "UF_32": -0.01412174406748158,
            "UF_33": -0.10410008689671982,
            "UF_35": -0.009028504420560943,
            "UF_41": 0.07247949237597388,
            "UF_42": 0.14505775511491742,
            "UF_43": -0.011243046315613136,
            "UF_50": 0.06721303574879785,
            "UF_51": 0.10762987155660536,
            "UF_52": -0.0036894068766104475,
            "UF_53": 0.10510003530985768,
            "setor_2": 0.17924150875120037,
            "setor_3": 0.192401331546143,
            "setor_4": 0.10116232261734066,
            "setor_5": 0.1943483423342739,
            "setor_6": 0.09112393043985562,
            "setor_7": 0.32809466756400946,
            "setor_8": 0.6386087128012897,
            "setor_9": 0.48862849054293217,
            "setor_10": 0.20466019396303706,
            "setor_11": 0.07792381971611728,
            "setor_12": 0.3860794177012001,
            "const": 1.4277061081316054
        }
    },
    "indigena": {
        "meta_info": {
            "R2": 0.3656,
            "N_obs": 1032,
            "sigma_resid": 13.50018,
            "descricao": "Modelo para popula\u00e7\u00e3o indigena"
        },
        "coeficientes": {
            "Anos_Estudo": 0.07981830065535608,
            "Experiencia": 0.023961243903040497,
            "Experiencia_2": -0.00020433676801196083,
            "d_mulher": -0.11672919918997988,
            "IMR": -0.09631713853773066,
            "UF_12": -0.10739355096924283,
            "UF_13": -0.41594262121289827,
            "UF_14": -0.3226718072375156,
            "UF_15": -0.24902481916755434,
            "UF_16": -0.5989987293886007,
            "UF_17": -0.05977277495602812,
            "UF_21": -0.5975922938904852,
            "UF_22": -0.4003135413723602,
            "UF_23": -0.44897612706249945,
            "UF_24": -0.4676261589480152,
            "UF_25": -0.5464293025017205,
            "UF_26": -0.5688275285327833,
            "UF_27": -0.4754763882387903,
            "UF_28": -0.1564984873133891,
            "UF_29": -0.4914891503422548,
            "UF_31": -0.2125575719592725,
            "UF_32": 0.425995411395496,
            "UF_33": -0.39072308721617943,
            "UF_35": -0.004648168102246594,
            "UF_41": 0.02860661978883118,
            "UF_42": 0.05139735638751872,
            "UF_43": 0.050989696666380396,
            "UF_50": 0.006649936857707275,
            "UF_51": 0.06521354524800088,
            "UF_52": 0.190801681067807,
            "UF_53": -0.0807695284216414,
            "setor_2": 0.07974586313904797,
            "setor_3": 0.15269046309017742,